task,sample_id,epoch,attempt,attempts_made,sample_outcome,output_tokens,reasoning_chars,chars_per_token,kind,tail_compression,loop_start,loop_start_rel,judge_cutoff,tail
lcb_conflicting_noflag,lcbhard_77,1,2,8,fail,64000,128320,2.0,exact_loop,0.002,0,0.0,4000,WWWWWWWWWWWWWWWWWWWWWWWWWWWWWWWWWWWWWWWWWWWWWWWWWWWWWWWWWWWW
lcb_conflicting_noflag,lcbhard_99,1,5,8,fail,64000,129761,2.03,exact_loop,0.004,3000,0.023,7000,""" = ""))(("" + ""()"" = ""))(("" + ""()"" = ""))(("" + ""()"" = ""))(("" +"
lcb_conflicting_noflag,lcbhard_27,2,2,8,fail,64000,118894,1.86,exact_loop,0.003,14000,0.118,18000,01 = 1601 = 1601 = 1601 = 1601 = 1601 = 1601 = 1601 = 1601 =
lcb_conflicting_noflag,lcbhard_78,2,7,8,fail,64000,136088,2.13,exact_loop,0.008,26000,0.191,30000," Also (1,0). Also (2,0). Also (0,2). Also (3,0). Also (0,3)."
lcb_conflicting_noflag,lcbhard_85,2,8,8,fail,64000,143376,2.24,exact_loop,0.005,20000,0.139,24000,", - 1192239152 - 998244353 = 194, - 1192239152 - 998244353 ="
lcb_oneoff_noflag,lcbhard_45,1,2,8,fail,64000,268243,4.19,circular,0.068,94000,0.35,114000,"nation. For example, if cnt % 2 == 0, cur=1. But what if cnt"
lcb_oneoff_noflag,lcbhard_78,1,7,8,fail,64000,125707,1.96,exact_loop,0.006,18000,0.143,22000,"25,906,881,293 = 1,125,899,906,842,624 - 1,125,906,881,293 ="
lcb_oneoff_noflag,lcbhard_92,1,7,8,fail,64000,142770,2.23,exact_loop,0.006,38000,0.266,42000," - 101,820,924,006 = 102,400,000,000,000 - 101,820,924,006 ="
lcb_oneoff_noflag,lcbhard_99,1,4,8,fail,64000,131104,2.05,exact_loop,0.004,6000,0.046,10000,"()"" = ""))(("" + ""()"" = ""))(("" + ""()"" = ""))(("" + ""()"" = ""))(("""
lcb_oneoff_noflag,lcbhard_2,2,4,8,fail,64000,129747,2.03,exact_loop,0.005,4000,0.031,8000,",244,353 = 999,998,000,001 - 998,244,353 = 999,998,000,001 -"
lcb_oneoff_noflag,lcbhard_65,2,8,8,fail,64000,215997,3.37,circular,0.054,44000,0.204,64000,"t's ""11/2"" length 4 (even). Not valid. ""1/2"" is positions 2-"
lcb_oneoff_noflag,lcbhard_77,2,1,8,fail,64000,144093,2.25,exact_loop,0.002,37000,0.257,41000,WWWWWWWWWWWWWWWWWWWWWWWWWWWWWWWWWWWWWWWWWWWWWWWWWWWWWWWWWWWW
